,bandwidth,filtering,rr_interval,p_onset,p_end,qrs_onset,qrs_end,t_end,p_axis,qrs_axis,t_axis
bandwidth,1.0,0.4238807062698475,-0.01432651985361395,-0.08374593580160741,0.30253831453125224,0.030118433349901746,0.034822031195657015,0.035964375235505386,-0.05370433413251775,-0.014745763208239832,0.021316403777597692
filtering,0.4238807062698475,1.0,-0.016493352298276084,-0.11900958067546782,0.5043460433067039,0.05275330738939847,0.06018543780284987,0.06309586059933722,-0.07040610189384021,-0.015422051814754367,0.040729407706171485
rr_interval,-0.01432651985361395,-0.016493352298276084,1.0,0.06467472006344467,0.03770327335999259,0.9233001847539054,0.8747843402639103,0.8604053501490272,0.0663246270400596,0.6526833843507425,0.5121071417951613
p_onset,-0.08374593580160741,-0.11900958067546782,0.06467472006344467,1.0,0.6832047719941551,0.0745651512472642,0.08408772031158646,0.08224741500328811,0.9572686007079555,0.10556214742270882,0.08611109742968308
p_end,0.30253831453125224,0.5043460433067039,0.03770327335999259,0.6832047719941551,1.0,0.10794796362859405,0.10994772846634134,0.11047911364169238,0.696037566977998,0.06936338721565487,0.09610284206213351
qrs_onset,0.030118433349901746,0.05275330738939847,0.9233001847539054,0.0745651512472642,0.10794796362859405,1.0,0.9077273366303723,0.9261741414962541,0.08223003336740278,0.6956249320310387,0.5559275091173649
qrs_end,0.034822031195657015,0.06018543780284987,0.8747843402639103,0.08408772031158646,0.10994772846634134,0.9077273366303723,1.0,0.9671538931925598,0.07453765662792493,0.6335818550345994,0.58623304924688
t_end,0.035964375235505386,0.06309586059933722,0.8604053501490272,0.08224741500328811,0.11047911364169238,0.9261741414962541,0.9671538931925598,1.0,0.0735613829974482,0.6469360889336125,0.6074189054219797
p_axis,-0.05370433413251775,-0.07040610189384021,0.0663246270400596,0.9572686007079555,0.696037566977998,0.08223003336740278,0.07453765662792493,0.0735613829974482,1.0,0.1311159429649326,0.10689409590485087
qrs_axis,-0.014745763208239832,-0.015422051814754367,0.6526833843507425,0.10556214742270882,0.06936338721565487,0.6956249320310387,0.6335818550345994,0.6469360889336125,0.1311159429649326,1.0,0.7930016402610086
t_axis,0.021316403777597692,0.040729407706171485,0.5121071417951613,0.08611109742968308,0.09610284206213351,0.5559275091173649,0.58623304924688,0.6074189054219797,0.10689409590485087,0.7930016402610086,1.0
